Feature,Importance
Age,0.3704818969355734
IsActiveMember,0.3448982033884712
NumOfProducts_2,0.10457786474918715
Balance,0.05212776292366183
HasCrCard,0.05066011889996947
Geography_Germany,0.03165048303464818
NumOfProducts_3,0.031364233987506054
Geography_Spain,0.007625389775027575
EstimatedSalary,0.002823262662312321
Gender_Male,0.0013112213873915546
CreditScore,0.0010845936355033579
Tenure,0.0008621197631312056
NumOfProducts_4,0.0005328488576167969
